{
    "learning_rate_a": 0.02878907880561388,
    "min_lr": 4.9905825999862046e-05,
    "min_eps": 0.00207182259097085
}